NOSE_X,NOSE_Y,LEFT_EYE_INNER_X,LEFT_EYE_INNER_Y,LEFT_EYE_X,LEFT_EYE_Y,LEFT_EYE_OUTER_X,LEFT_EYE_OUTER_Y,RIGHT_EYE_INNER_X,RIGHT_EYE_INNER_Y,RIGHT_EYE_X,RIGHT_EYE_Y,RIGHT_EYE_OUTER_X,RIGHT_EYE_OUTER_Y,LEFT_EAR_X,LEFT_EAR_Y,RIGHT_EAR_X,RIGHT_EAR_Y,MOUTH_LEFT_X,MOUTH_LEFT_Y,MOUTH_RIGHT_X,MOUTH_RIGHT_Y,LEFT_SHOULDER_X,LEFT_SHOULDER_Y,RIGHT_SHOULDER_X,RIGHT_SHOULDER_Y,LEFT_ELBOW_X,LEFT_ELBOW_Y,RIGHT_ELBOW_X,RIGHT_ELBOW_Y,LEFT_WRIST_X,LEFT_WRIST_Y,RIGHT_WRIST_X,RIGHT_WRIST_Y,LEFT_PINKY_X,LEFT_PINKY_Y,RIGHT_PINKY_X,RIGHT_PINKY_Y,LEFT_INDEX_X,LEFT_INDEX_Y,RIGHT_INDEX_X,RIGHT_INDEX_Y,LEFT_THUMB_X,LEFT_THUMB_Y,RIGHT_THUMB_X,RIGHT_THUMB_Y,LEFT_HIP_X,LEFT_HIP_Y,RIGHT_HIP_X,RIGHT_HIP_Y,LEFT_KNEE_X,LEFT_KNEE_Y,RIGHT_KNEE_X,RIGHT_KNEE_Y,LEFT_ANKLE_X,LEFT_ANKLE_Y,RIGHT_ANKLE_X,RIGHT_ANKLE_Y,LEFT_HEEL_X,LEFT_HEEL_Y,RIGHT_HEEL_X,RIGHT_HEEL_Y,LEFT_FOOT_INDEX_X,LEFT_FOOT_INDEX_Y,RIGHT_FOOT_INDEX_X,RIGHT_FOOT_INDEX_Y
0.4742300510406494,0.1824396401643753,0.4882792830467224,0.16133294999599457,0.49643364548683167,0.16293202340602875,0.5026044249534607,0.16449064016342163,0.46325674653053284,0.1609249860048294,0.456566721200943,0.16201043128967285,0.44953423738479614,0.16368499398231506,0.5166453123092651,0.1835131198167801,0.4435650408267975,0.18225547671318054,0.49021977186203003,0.21475887298583984,0.46033915877342224,0.21495097875595093,0.5694912672042847,0.346101313829422,0.3976449966430664,0.33742427825927734,0.5549335479736328,0.5167943239212036,0.40002480149269104,0.5072497129440308,0.47308236360549927,0.6494415998458862,0.46858182549476624,0.6395477056503296,0.4579043984413147,0.7060861587524414,0.48756998777389526,0.7099268436431885,0.44021716713905334,0.6905657052993774,0.4907185137271881,0.6996527314186096,0.44333726167678833,0.6747183203697205,0.4837213456630707,0.6752790808677673,0.5224508047103882,0.7152593731880188,0.42365580797195435,0.7125311493873596,0.5195350050926208,0.9803065657615662,0.418337345123291,0.9967177510261536,0.5346082448959351,1.2336939573287964,0.412916898727417,1.2343120574951172,0.5311875939369202,1.2614398002624512,0.4132160544395447,1.261800765991211,0.5370094180107117,1.3279286623001099,0.4199489653110504,1.315372347831726
0.5100046992301941,0.11807482689619064,0.5230206251144409,0.09409283846616745,0.5282300710678101,0.09478617459535599,0.5353401899337769,0.0958838015794754,0.4989059865474701,0.09545192867517471,0.48812150955200195,0.0972878485918045,0.48007678985595703,0.09944260865449905,0.5438583493232727,0.11277199536561966,0.4673849642276764,0.11662328243255615,0.521286129951477,0.15339048206806183,0.49013710021972656,0.1536240577697754,0.5945389270782471,0.28092893958091736,0.4156220555305481,0.2671705484390259,0.5765299797058105,0.4598639905452728,0.42953038215637207,0.45302045345306396,0.5014405846595764,0.5938896536827087,0.517469584941864,0.6040642261505127,0.48340195417404175,0.6538087725639343,0.5355480313301086,0.6764947772026062,0.4638458788394928,0.6344262957572937,0.5471416115760803,0.6655071377754211,0.4673857092857361,0.6193328499794006,0.540774941444397,0.6455785632133484,0.5403891205787659,0.6659380197525024,0.4386332929134369,0.6582055687904358,0.5390141606330872,0.9630142450332642,0.4260784685611725,0.9660033583641052,0.5386189818382263,1.2110599279403687,0.4203275144100189,1.1920084953308105,0.533902108669281,1.2425086498260498,0.4206168055534363,1.2199498414993286,0.5456174612045288,1.3072221279144287,0.42038020491600037,1.2786675691604614
0.48049527406692505,0.1671431064605713,0.4939473569393158,0.1342058628797531,0.5018093585968018,0.1328224241733551,0.5095602869987488,0.13170267641544342,0.4680764675140381,0.13441410660743713,0.4605575203895569,0.13313822448253632,0.4543900489807129,0.13247177004814148,0.5193687677383423,0.13533124327659607,0.44613975286483765,0.1378677636384964,0.49513235688209534,0.19361141324043274,0.4646109938621521,0.1946481168270111,0.582939863204956,0.2825678884983063,0.3896409571170807,0.27340400218963623,0.5492361187934875,0.4902571141719818,0.39713573455810547,0.46284300088882446,0.47424203157424927,0.664115309715271,0.4728778302669525,0.6549519896507263,0.4584421217441559,0.7194320559501648,0.4846445918083191,0.7378990054130554,0.44184058904647827,0.7021345496177673,0.4961055815219879,0.7278487086296082,0.44479256868362427,0.6860587000846863,0.4862193167209625,0.7016839385032654,0.5274470448493958,0.6506440043449402,0.42589759826660156,0.6519525051116943,0.5427084565162659,0.9472191333770752,0.42010006308555603,0.9438329935073853,0.5633039474487305,1.177004098892212,0.39884763956069946,1.1705793142318726,0.5612810850143433,1.2080962657928467,0.4005746841430664,1.1930577754974365,0.5695215463638306,1.2740951776504517,0.4046091139316559,1.2698725461959839
0.4777719974517822,0.09831200540065765,0.48925527930259705,0.07622384279966354,0.49782007932662964,0.07685186713933945,0.5030652284622192,0.07732310891151428,0.4632318913936615,0.0765668973326683,0.45578059554100037,0.07828688621520996,0.447744220495224,0.07990610599517822,0.5131629109382629,0.09345640242099762,0.43950432538986206,0.09747179597616196,0.4941340982913971,0.13155041635036469,0.4624006748199463,0.1334547996520996,0.5786055326461792,0.24854207038879395,0.38176676630973816,0.2479858547449112,0.7066739797592163,0.28367191553115845,0.2629798352718353,0.2629925012588501,0.8348641395568848,0.27990373969078064,0.11879660189151764,0.25925251841545105,0.8758743405342102,0.2800714671611786,0.08452869951725006,0.25640222430229187,0.8821703195571899,0.27270808815956116,0.08223055303096771,0.25121763348579407,0.8688634037971497,0.27415746450424194,0.09292799234390259,0.2550196051597595,0.5377191305160522,0.6630427837371826,0.42665380239486694,0.6627762913703918,0.5268094539642334,0.9435241222381592,0.41887301206588745,0.9541788697242737,0.540317177772522,1.223218560218811,0.4205392003059387,1.2268866300582886,0.5325677394866943,1.257492184638977,0.4272836148738861,1.2597683668136597,0.5563666224479675,1.3054072856903076,0.4215776324272156,1.3084673881530762
0.5555323362350464,0.11723097413778305,0.5694414377212524,0.0992789939045906,0.5772535800933838,0.10288974642753601,0.5831782817840576,0.1061759814620018,0.5489994287490845,0.09104333072900772,0.5404766798019409,0.08866148442029953,0.5317075848579407,0.08683690428733826,0.592837929725647,0.12762533128261566,0.5147696137428284,0.10193926841020584,0.5608705282211304,0.15312951803207397,0.535743236541748,0.1441648155450821,0.6281641721725464,0.2930232584476471,0.43017324805259705,0.23147399723529816,0.7487903833389282,0.3565896451473236,0.306627094745636,0.21463507413864136,0.8752215504646301,0.4009155035018921,0.17779621481895447,0.17415207624435425,0.9146765470504761,0.41220003366470337,0.1437692642211914,0.16227762401103973,0.9232873916625977,0.4040079414844513,0.14266720414161682,0.15715621411800385,0.9104561805725098,0.4040600657463074,0.15138410031795502,0.1655023992061615,0.5351283550262451,0.6773929595947266,0.42695993185043335,0.663783848285675,0.5284767150878906,0.956476628780365,0.4174366593360901,0.9551348090171814,0.5301778316497803,1.2118855714797974,0.4137021005153656,1.2062299251556396,0.5212008953094482,1.2425332069396973,0.4190948009490967,1.2343103885650635,0.5491074323654175,1.298806071281433,0.40938955545425415,1.2896898984909058
0.45692601799964905,0.10175903141498566,0.4711701273918152,0.07427661120891571,0.4805639684200287,0.07436786592006683,0.48976683616638184,0.07465571910142899,0.44891422986984253,0.07512759417295456,0.4442623257637024,0.0760938972234726,0.43994826078414917,0.07721144706010818,0.5089343190193176,0.08704802393913269,0.44119054079055786,0.09442193061113358,0.477938711643219,0.13330736756324768,0.44976988434791565,0.13328233361244202,0.5898480415344238,0.23879361152648926,0.3901708126068115,0.24730077385902405,0.7396345138549805,0.2577444911003113,0.281316876411438,0.2757571339607239,0.9024986028671265,0.25692906975746155,0.15441946685314178,0.25584834814071655,0.9472590684890747,0.25706520676612854,0.12241079658269882,0.24672390520572662,0.9538539052009583,0.2513902485370636,0.11927523463964462,0.24117369949817657,0.9372601509094238,0.2549661695957184,0.1309605985879898,0.24626930058002472,0.5301752090454102,0.6753292083740234,0.4201689660549164,0.6761685609817505,0.5307461023330688,0.9657758474349976,0.4116033613681793,0.9668342471122742,0.5378252267837524,1.2302501201629639,0.4124348759651184,1.2132972478866577,0.5390666723251343,1.2613226175308228,0.42240089178085327,1.245827078819275,0.5292378067970276,1.3185749053955078,0.3947698771953583,1.2972890138626099
0.4203055500984192,0.2933019995689392,0.43175315856933594,0.26818692684173584,0.4398633539676666,0.26659470796585083,0.44826215505599976,0.26555463671684265,0.41042694449424744,0.27274975180625916,0.4041498601436615,0.2739335298538208,0.3977612555027008,0.27537041902542114,0.46210208535194397,0.2794356942176819,0.3924550712108612,0.2902037799358368,0.43750008940696716,0.31648358702659607,0.4108494222164154,0.31988459825515747,0.5127431154251099,0.3862595558166504,0.3668784499168396,0.38655123114585876,0.5184556841850281,0.2120162546634674,0.3441637456417084,0.21972006559371948,0.5122390985488892,0.018313301727175713,0.3442334234714508,0.026865744963288307,0.5070468187332153,-0.01232969295233488,0.34885507822036743,-0.005637634079903364,0.49422764778137207,-0.016284668818116188,0.35894128680229187,-0.015339256264269352,0.4883536398410797,-0.001258246717043221,0.36070579290390015,0.0012562107294797897,0.4714924693107605,0.7916006445884705,0.3764030635356903,0.7880581617355347,0.47455883026123047,1.0513827800750732,0.3589460551738739,1.0221951007843018,0.4662970006465912,1.311564326286316,0.3781821131706238,1.3179994821548462,0.4608711302280426,1.3376349210739136,0.3845610022544861,1.3474897146224976,0.46322160959243774,1.403648018836975,0.3887249827384949,1.4002126455307007
0.43978801369667053,0.30892226099967957,0.4494640827178955,0.28157463669776917,0.4568559229373932,0.28023824095726013,0.4641152322292328,0.2794255316257477,0.4256821274757385,0.2858821153640747,0.4172714650630951,0.2870703935623169,0.40889835357666016,0.2886039912700653,0.47338613867759705,0.29375630617141724,0.39757928252220154,0.3027642071247101,0.4540257453918457,0.3331390917301178,0.42614904046058655,0.33552566170692444,0.5180644392967224,0.4020439386367798,0.36903122067451477,0.398772656917572,0.530964732170105,0.21483410894870758,0.34637805819511414,0.2360174059867859,0.5371283292770386,0.025411993265151978,0.3564016819000244,0.03682629391551018,0.5368849039077759,-0.01701265387237072,0.35988321900367737,0.0037848285865038633,0.5229699015617371,-0.024552006274461746,0.37034478783607483,-0.012151848524808884,0.5171707272529602,-0.0024338376242667437,0.37240561842918396,0.005469520576298237,0.4967793822288513,0.8010990619659424,0.39189308881759644,0.8064934611320496,0.4911440908908844,1.1069800853729248,0.3941475749015808,1.1035252809524536,0.5002387166023254,1.3975924253463745,0.4084928035736084,1.4125479459762573,0.4973790645599365,1.4353771209716797,0.41326913237571716,1.4524575471878052,0.5028596520423889,1.4836983680725098,0.42389926314353943,1.4969971179962158
0.43357205390930176,0.31038352847099304,0.44373950362205505,0.2823582589626312,0.45136532187461853,0.28120267391204834,0.4587124288082123,0.28067824244499207,0.42052072286605835,0.28666386008262634,0.41212692856788635,0.2877146899700165,0.40440288186073303,0.2889997661113739,0.46926817297935486,0.29639706015586853,0.39196354150772095,0.30297544598579407,0.4489423334598541,0.3351256251335144,0.42076021432876587,0.33681023120880127,0.5143070816993713,0.4032251238822937,0.36174726486206055,0.3996224105358124,0.5278078317642212,0.22133992612361908,0.33626505732536316,0.23195725679397583,0.5456667542457581,0.027156930416822433,0.3375580906867981,0.03676234185695648,0.5441888570785522,-0.011204945854842663,0.3374944031238556,0.007056540343910456,0.5322346091270447,-0.02142680436372757,0.34687539935112,-0.009233997203409672,0.5275710225105286,0.0015938292490318418,0.3505854308605194,0.00824484508484602,0.4875032305717468,0.8060958385467529,0.3865729868412018,0.8075467944145203,0.4856445789337158,1.107103943824768,0.3820960223674774,1.1035996675491333,0.48974594473838806,1.373714804649353,0.39682212471961975,1.3956881761550903,0.4853759706020355,1.403239369392395,0.4016566276550293,1.429625153541565,0.4913442134857178,1.4684500694274902,0.413621723651886,1.482877254486084
0.4862915575504303,0.19978557527065277,0.4964757561683655,0.1809338629245758,0.5039772987365723,0.18287262320518494,0.5101596117019653,0.18484507501125336,0.47607892751693726,0.1761641949415207,0.4672061800956726,0.17488375306129456,0.45844918489456177,0.1738751083612442,0.5192225575447083,0.2010505050420761,0.44161662459373474,0.18806955218315125,0.49554553627967834,0.23391591012477875,0.4691298007965088,0.22815710306167603,0.5556020140647888,0.32844656705856323,0.3784797787666321,0.30349063873291016,0.6781514883041382,0.34286224842071533,0.24790999293327332,0.2967880964279175,0.6865191459655762,0.4903660714626312,0.23167350888252258,0.43937477469444275,0.6916427612304688,0.5445379614830017,0.22351579368114471,0.4846380054950714,0.6707553863525391,0.5479656457901001,0.24485549330711365,0.484649121761322,0.6653233170509338,0.5347040891647339,0.2511981427669525,0.47276559472084045,0.5116381645202637,0.7187460660934448,0.4122379720211029,0.7142413258552551,0.5046437382698059,0.9915034174919128,0.40099063515663147,1.0121958255767822,0.5014305710792542,1.251717209815979,0.4023861885070801,1.241784691810608,0.4980134069919586,1.2855857610702515,0.4050029218196869,1.269529104232788,0.49573349952697754,1.3368970155715942,0.4020082950592041,1.314046859741211
0.4602612853050232,0.18227599561214447,0.4738976061344147,0.16130331158638,0.48186302185058594,0.16247640550136566,0.4883139729499817,0.16432839632034302,0.4495159983634949,0.16019324958324432,0.44218626618385315,0.16088125109672546,0.4349859654903412,0.16205865144729614,0.5005074739456177,0.1797940731048584,0.4271811842918396,0.1765579879283905,0.4768875241279602,0.21268874406814575,0.4467417597770691,0.21143849194049835,0.5559351444244385,0.30470573902130127,0.37411245703697205,0.2976004481315613,0.688233494758606,0.30717548727989197,0.27667123079299927,0.31669607758522034,0.6813752055168152,0.4684241712093353,0.24475590884685516,0.4391404092311859,0.6876460909843445,0.5249603390693665,0.23405368626117706,0.47760847210884094,0.6637539267539978,0.5253970623016357,0.25178438425064087,0.4785533845424652,0.6584212183952332,0.5082482695579529,0.25715237855911255,0.47040119767189026,0.5087491273880005,0.6991904377937317,0.4072902202606201,0.698613166809082,0.5009565353393555,0.9851723909378052,0.4038853645324707,0.9954181909561157,0.5183980464935303,1.2365812063217163,0.3961067497730255,1.2118512392044067,0.5119744539260864,1.2690035104751587,0.4019477367401123,1.2375386953353882,0.5307446122169495,1.325817584991455,0.3917631208896637,1.2943108081817627
0.4864625036716461,0.17106008529663086,0.4968985617160797,0.1475829780101776,0.5043042898178101,0.1486164778470993,0.5103655457496643,0.15020065009593964,0.47503766417503357,0.14548563957214355,0.465514600276947,0.14552301168441772,0.45604342222213745,0.14592291414737701,0.5169528126716614,0.1655689924955368,0.43930330872535706,0.1604318469762802,0.4944998621940613,0.20338986814022064,0.46862491965293884,0.19998669624328613,0.5611716508865356,0.3007650077342987,0.3776646554470062,0.2819477915763855,0.6848002672195435,0.3217557668685913,0.2467385232448578,0.2747047245502472,0.6901540756225586,0.47653529047966003,0.23030361533164978,0.4271014928817749,0.6972450017929077,0.5268766283988953,0.22507977485656738,0.4688911736011505,0.6771512627601624,0.5287766456604004,0.24916565418243408,0.46844008564949036,0.6707636713981628,0.5172193646430969,0.2544967234134674,0.457852840423584,0.5170202255249023,0.698321521282196,0.41698455810546875,0.6940358877182007,0.5097165107727051,0.9817639589309692,0.4059266149997711,0.9962385296821594,0.5165104866027832,1.2426637411117554,0.41176143288612366,1.2194812297821045,0.5107735395431519,1.2774945497512817,0.41638606786727905,1.245904564857483,0.5262728929519653,1.3290634155273438,0.4086572527885437,1.2948882579803467
0.45380252599716187,0.2068576067686081,0.46182090044021606,0.18418669700622559,0.4668872356414795,0.18529187142848969,0.47311878204345703,0.18689347803592682,0.4410936236381531,0.1832103431224823,0.43223947286605835,0.18351450562477112,0.42373672127723694,0.1839742511510849,0.4799674153327942,0.20530074834823608,0.4041733145713806,0.2051672786474228,0.4654807150363922,0.235646590590477,0.436811625957489,0.23693060874938965,0.5323625802993774,0.3579074442386627,0.3394950330257416,0.3493066430091858,0.6625463366508484,0.347618043422699,0.2020612508058548,0.31138816475868225,0.6795811057090759,0.16692927479743958,0.22705188393592834,0.12498536705970764,0.6828651428222656,0.13447695970535278,0.22736325860023499,0.09100425243377686,0.6725748777389526,0.12687018513679504,0.24004586040973663,0.08454995602369308,0.6678416728973389,0.13734768331050873,0.24316461384296417,0.09798257797956467,0.4998343586921692,0.7563011050224304,0.3873963952064514,0.7562984228134155,0.5056277513504028,1.0589805841445923,0.3850584626197815,1.0348817110061646,0.5113296508789062,1.3429267406463623,0.3996940851211548,1.3478423357009888,0.5171237587928772,1.379651427268982,0.3956531584262848,1.3860105276107788,0.4940275251865387,1.4338974952697754,0.4238501489162445,1.429134488105774
0.4871138632297516,0.1460430920124054,0.4902176260948181,0.12674596905708313,0.49506956338882446,0.12899059057235718,0.49973806738853455,0.13103747367858887,0.4721989631652832,0.1209593117237091,0.46438607573509216,0.11991617828607559,0.4559258818626404,0.11916163563728333,0.4953575134277344,0.14798936247825623,0.4259316325187683,0.13656534254550934,0.49200835824012756,0.176027312874794,0.47037163376808167,0.17292121052742004,0.5300173163414001,0.2997235059738159,0.33544760942459106,0.2789366543292999,0.6496701240539551,0.30449315905570984,0.1958242803812027,0.23480801284313202,0.6645885705947876,0.12982504069805145,0.2258691042661667,0.03286930173635483,0.6650465726852417,0.0949314758181572,0.22750051319599152,-0.018016047775745392,0.6536330580711365,0.08392535895109177,0.2450287789106369,-0.027153950184583664,0.6502496004104614,0.096873439848423,0.24645137786865234,6.936559657333419e-05,0.5040305256843567,0.7004434466362,0.4009280800819397,0.702894389629364,0.5037809014320374,0.9777394533157349,0.3970312476158142,0.9900258183479309,0.5171290636062622,1.2802637815475464,0.4164738059043884,1.2835854291915894,0.5148285031318665,1.3139469623565674,0.41482967138290405,1.314653754234314,0.5156044960021973,1.3774776458740234,0.4385203719139099,1.3694411516189575
0.4815785884857178,0.14711032807826996,0.4904833436012268,0.12294327467679977,0.49771150946617126,0.12406475096940994,0.5035831332206726,0.12532709538936615,0.4705088138580322,0.12170268595218658,0.46152228116989136,0.12235035002231598,0.45220571756362915,0.12330592423677444,0.5109372138977051,0.1446876972913742,0.4337833523750305,0.14276543259620667,0.49401840567588806,0.17672044038772583,0.4675431251525879,0.17641817033290863,0.5595754981040955,0.29027459025382996,0.36847564578056335,0.2912217378616333,0.6998511552810669,0.27301111817359924,0.23583316802978516,0.2879142463207245,0.7037514448165894,0.07555603235960007,0.2456074208021164,0.08955452591180801,0.7079916000366211,0.0388341099023819,0.24202945828437805,0.05283156782388687,0.6944882869720459,0.028157204389572144,0.2530704140663147,0.045432042330503464,0.6890116333961487,0.0417645126581192,0.25700798630714417,0.05712199956178665,0.5203620195388794,0.6994016170501709,0.4097936749458313,0.6990811824798584,0.5071254968643188,0.9810220003128052,0.40567025542259216,0.9933118224143982,0.5364310145378113,1.3032513856887817,0.4100666642189026,1.3001283407211304,0.539974570274353,1.340903401374817,0.4094439148902893,1.3388831615447998,0.5220635533332825,1.3960038423538208,0.4251500070095062,1.3859318494796753
0.415886253118515,0.27727010846138,0.4283328950405121,0.2521481513977051,0.43489375710487366,0.25307825207710266,0.44180673360824585,0.2541440725326538,0.40480008721351624,0.2512100338935852,0.39540964365005493,0.25167202949523926,0.3866983652114868,0.25227102637290955,0.45061224699020386,0.268735408782959,0.3738020658493042,0.2634548246860504,0.4294738173484802,0.30872678756713867,0.4002160131931305,0.307961642742157,0.48161277174949646,0.39229482412338257,0.3269064724445343,0.37931889295578003,0.5258542895317078,0.24206115305423737,0.29903674125671387,0.1942698359489441,0.47022658586502075,0.07768619805574417,0.38651731610298157,0.0727677047252655,0.4545062184333801,0.05142427608370781,0.41436147689819336,0.05082738772034645,0.44620174169540405,0.05233354493975639,0.4143868386745453,0.054281484335660934,0.44784560799598694,0.06263642013072968,0.40912336111068726,0.06520728021860123,0.45048436522483826,0.7852165699005127,0.3550429344177246,0.7821123600006104,0.45144814252853394,1.0623177289962769,0.34311825037002563,1.0327919721603394,0.44454941153526306,1.2982972860336304,0.35159996151924133,1.3040558099746704,0.4422622621059418,1.3273251056671143,0.3526706397533417,1.3350014686584473,0.43636244535446167,1.3850443363189697,0.36762696504592896,1.3847187757492065
0.4157049059867859,0.26877865195274353,0.4302901327610016,0.2425025999546051,0.4382854402065277,0.24285057187080383,0.44589757919311523,0.24360015988349915,0.40316373109817505,0.24330313503742218,0.39430370926856995,0.24425563216209412,0.38674217462539673,0.24557803571224213,0.4601104259490967,0.25807735323905945,0.3840217590332031,0.2577970325946808,0.4342420697212219,0.29495397210121155,0.40440303087234497,0.29939520359039307,0.5100293755531311,0.37659353017807007,0.35239002108573914,0.38615310192108154,0.5403015613555908,0.1849886029958725,0.3039592206478119,0.21588653326034546,0.4357791841030121,0.05494048073887825,0.3605330288410187,0.06313174217939377,0.40962281823158264,0.03724658861756325,0.3788883090019226,0.03382903337478638,0.4052155613899231,0.032355889678001404,0.3845370411872864,0.03491935506463051,0.4104337692260742,0.04326880723237991,0.38249701261520386,0.046823274344205856,0.4693477153778076,0.7890422940254211,0.36201316118240356,0.784662663936615,0.46345987915992737,1.095852017402649,0.34580862522125244,1.0855159759521484,0.46036261320114136,1.3750991821289062,0.36029762029647827,1.3690125942230225,0.4627811908721924,1.414739727973938,0.36322128772735596,1.4095803499221802,0.44995641708374023,1.4575196504592896,0.36903268098831177,1.4500190019607544
0.41467005014419556,0.2682313024997711,0.42768654227256775,0.2419164478778839,0.4348669648170471,0.24253039062023163,0.44162583351135254,0.24339379370212555,0.40143951773643494,0.24334563314914703,0.39126893877983093,0.2450234591960907,0.3824695944786072,0.24664320051670074,0.45161327719688416,0.2550128102302551,0.37163764238357544,0.2546340823173523,0.42947760224342346,0.2930181324481964,0.40005964040756226,0.2950446903705597,0.49472182989120483,0.3720415532588959,0.33051547408103943,0.3754885792732239,0.5446897745132446,0.21409614384174347,0.2887478470802307,0.2020277976989746,0.45693668723106384,0.05195646733045578,0.3683185279369354,0.05416979640722275,0.43734508752822876,0.02382058836519718,0.3954087495803833,0.027112776413559914,0.42873042821884155,0.020450562238693237,0.3978492319583893,0.02952950820326805,0.4309161305427551,0.035513781011104584,0.3932281732559204,0.042212050408124924,0.46637845039367676,0.7760307788848877,0.36327046155929565,0.7775708436965942,0.46545806527137756,1.0659692287445068,0.3569867014884949,1.0516470670700073,0.4641617238521576,1.3077346086502075,0.3677440583705902,1.3118013143539429,0.46092167496681213,1.3395899534225464,0.36889928579330444,1.3413407802581787,0.4623509347438812,1.3888609409332275,0.3845615088939667,1.3914964199066162
0.4563605785369873,0.12379097938537598,0.46493950486183167,0.10217329114675522,0.47211354970932007,0.1040111780166626,0.4782750606536865,0.10589084774255753,0.4455889165401459,0.0981781855225563,0.43641170859336853,0.09764216840267181,0.42694076895713806,0.09776988625526428,0.48199719190597534,0.1239011138677597,0.40867796540260315,0.11399156600236893,0.462961345911026,0.15843729674816132,0.43639031052589417,0.15503980219364166,0.5091666579246521,0.31391552090644836,0.3406728506088257,0.2586686313152313,0.5334876775741577,0.5033299326896667,0.32374072074890137,0.42941081523895264,0.5628540515899658,0.6998615264892578,0.4309689402580261,0.47661691904067993,0.5717254877090454,0.759068489074707,0.46290460228919983,0.4867519736289978,0.5677013993263245,0.7682387828826904,0.4674856662750244,0.4702828824520111,0.5588170289993286,0.7458982467651367,0.46003127098083496,0.46388471126556396,0.47527870535850525,0.6618953943252563,0.37407630681991577,0.6595374941825867,0.4672926962375641,0.9422098994255066,0.3622104525566101,0.9597931504249573,0.46317291259765625,1.2012420892715454,0.3481745719909668,1.1974104642868042,0.45552200078964233,1.2324068546295166,0.3482506275177002,1.227232575416565,0.46705326437950134,1.2908668518066406,0.3518705666065216,1.2799370288848877
0.4165157675743103,0.1284157931804657,0.4303103983402252,0.10528495162725449,0.43944650888442993,0.10578162968158722,0.44807085394859314,0.10648313909769058,0.40645942091941833,0.10709016025066376,0.39949944615364075,0.10872234404087067,0.3935810327529907,0.11007162183523178,0.45947733521461487,0.12354462593793869,0.38870376348495483,0.1284218430519104,0.43361696600914,0.16095003485679626,0.40287405252456665,0.16099360585212708,0.5212763547897339,0.3050934970378876,0.3351135849952698,0.2808944582939148,0.549559473991394,0.49139878153800964,0.2977582514286041,0.45449331402778625,0.561988353729248,0.6952162384986877,0.4180099070072174,0.48986712098121643,0.567623496055603,0.7505083084106445,0.4551157057285309,0.510911226272583,0.5630903840065002,0.7603410482406616,0.4676521420478821,0.4894307851791382,0.5532385110855103,0.7380543947219849,0.45812058448791504,0.4817330241203308,0.4714483320713043,0.676284909248352,0.36535894870758057,0.6750389933586121,0.4658074975013733,0.9459187388420105,0.363640695810318,0.9602786898612976,0.4751376509666443,1.2239983081817627,0.34772807359695435,1.1995002031326294,0.4701932370662689,1.2576907873153687,0.3496951460838318,1.2254592180252075,0.480478435754776,1.3110449314117432,0.3545106053352356,1.2875235080718994
0.41314372420310974,0.13219505548477173,0.4250965118408203,0.10554873198270798,0.4335452914237976,0.10470118373632431,0.4426656663417816,0.10401598364114761,0.4098033308982849,0.10801755636930466,0.40523847937583923,0.10947682708501816,0.3998908996582031,0.11138622462749481,0.4661715030670166,0.11840686202049255,0.40589815378189087,0.12941260635852814,0.433422327041626,0.1605662703514099,0.4109351634979248,0.1606464385986328,0.5339459180831909,0.28903308510780334,0.3713299632072449,0.28956758975982666,0.5396340489387512,0.48253747820854187,0.3231300711631775,0.46348339319229126,0.530727207660675,0.6965869069099426,0.40557461977005005,0.4951605796813965,0.5349155068397522,0.7612454295158386,0.43685483932495117,0.5146729350090027,0.5234261155128479,0.7668707966804504,0.44797295331954956,0.48766010999679565,0.5167770385742188,0.7433470487594604,0.43792328238487244,0.48115745186805725,0.4711299538612366,0.6678340435028076,0.37389296293258667,0.6594107151031494,0.45980104804039,0.9433292746543884,0.3686795234680176,0.9341357946395874,0.4549509584903717,1.216599702835083,0.3675887882709503,1.2091045379638672,0.4543868899345398,1.2478089332580566,0.3705511689186096,1.2456194162368774,0.4428621232509613,1.3033934831619263,0.35861045122146606,1.2888773679733276
0.4097650945186615,0.12284243106842041,0.4189227223396301,0.09858226776123047,0.4264584481716156,0.09835696965456009,0.4341649115085602,0.09879393875598907,0.39647746086120605,0.10110495239496231,0.386490136384964,0.10366041213274002,0.3772655129432678,0.1069924384355545,0.44424691796302795,0.11625565588474274,0.3640686869621277,0.12907588481903076,0.42228204011917114,0.15739181637763977,0.3931021988391876,0.16211062669754028,0.5050854682922363,0.2714577615261078,0.3144786059856415,0.29269838333129883,0.6268066167831421,0.30075281858444214,0.2901623845100403,0.47454506158828735,0.7763083577156067,0.28234633803367615,0.4317321181297302,0.5045868754386902,0.824000358581543,0.2791207432746887,0.4693984389305115,0.5096972584724426,0.827747642993927,0.2701968252658844,0.47889629006385803,0.49046048521995544,0.8124996423721313,0.27231451869010925,0.4675719738006592,0.48746946454048157,0.47216668725013733,0.6668447256088257,0.3623044192790985,0.6678507924079895,0.4721272885799408,0.9529057741165161,0.36003512144088745,0.9677820205688477,0.48712992668151855,1.2099766731262207,0.34956252574920654,1.211330533027649,0.48323431611061096,1.2447668313980103,0.350572407245636,1.2411082983016968,0.49334716796875,1.2926734685897827,0.3630792498588562,1.2943278551101685
0.4025552272796631,0.11895272135734558,0.4151671528816223,0.09590768069028854,0.42075520753860474,0.09648681432008743,0.4276079535484314,0.09726480394601822,0.3899621367454529,0.09664714336395264,0.3808119297027588,0.0977184846997261,0.37321314215660095,0.0991734117269516,0.4382137358188629,0.11305911093950272,0.3617463707923889,0.11702828854322433,0.417623907327652,0.1520390510559082,0.38721051812171936,0.15250228345394135,0.5002813339233398,0.2529621720314026,0.3108718693256378,0.2884475290775299,0.636022686958313,0.23151426017284393,0.2934599816799164,0.47915637493133545,0.7832627892494202,0.17175795137882233,0.4370097219944,0.5086235404014587,0.8256350755691528,0.1580170840024948,0.47595834732055664,0.5183034539222717,0.8299070596694946,0.15443700551986694,0.4839913249015808,0.49495089054107666,0.8163579702377319,0.16353018581867218,0.47212743759155273,0.49569129943847656,0.483327716588974,0.6571605801582336,0.3686673045158386,0.6628448963165283,0.4896804392337799,0.9563860297203064,0.3713735342025757,0.9691724181175232,0.49611860513687134,1.218313455581665,0.36515259742736816,1.2307308912277222,0.4963018000125885,1.2557590007781982,0.3644186854362488,1.2681163549423218,0.4902978837490082,1.3108179569244385,0.3798956573009491,1.3085349798202515
0.4117818772792816,0.12111831456422806,0.4224325716495514,0.09720718115568161,0.4280034005641937,0.09789863228797913,0.43525490164756775,0.09880509972572327,0.39907318353652954,0.09769801050424576,0.38905709981918335,0.09891612082719803,0.3806849420070648,0.10058896988630295,0.44374388456344604,0.11527488380670547,0.36674535274505615,0.11783456057310104,0.42337995767593384,0.15323413908481598,0.39379507303237915,0.15354911983013153,0.5048076510429382,0.2722674012184143,0.3159139156341553,0.28678062558174133,0.636436939239502,0.2938575744628906,0.3155401647090912,0.47848665714263916,0.7735552191734314,0.2810543179512024,0.4579319357872009,0.5649951100349426,0.8191758394241333,0.2797347903251648,0.49284037947654724,0.6032623648643494,0.8245097994804382,0.2747851014137268,0.5056494474411011,0.5785167217254639,0.8093303442001343,0.27704164385795593,0.4956749975681305,0.5669088959693909,0.481116384267807,0.6593033075332642,0.3686280846595764,0.6600964665412903,0.47485193610191345,0.9538233280181885,0.37182697653770447,0.9644855260848999,0.48385611176490784,1.2288615703582764,0.3660496771335602,1.2390589714050293,0.48344287276268005,1.263319730758667,0.3638836741447449,1.2744640111923218,0.47872933745384216,1.319006085395813,0.3829328417778015,1.3183457851409912
0.4097016751766205,0.2772100865840912,0.4175853729248047,0.2546525001525879,0.42478060722351074,0.2555884122848511,0.43175768852233887,0.2570820748806,0.400010347366333,0.25321000814437866,0.3919287919998169,0.25317084789276123,0.3846346139907837,0.25333157181739807,0.43978166580200195,0.2765496075153351,0.3696151673793793,0.2695384621620178,0.41914424300193787,0.3073683977127075,0.39656490087509155,0.3027348220348358,0.48115554451942444,0.3713536262512207,0.3244471251964569,0.4093489348888397,0.53839510679245,0.2079049050807953,0.29021796584129333,0.5895373225212097,0.5747929215431213,0.031593892723321915,0.40821322798728943,0.6270800232887268,0.5847959518432617,-0.017453854903578758,0.44375497102737427,0.6506306529045105,0.5753284096717834,-0.030575234442949295,0.4569386839866638,0.6341694593429565,0.5703226327896118,-0.0027377016376703978,0.44666942954063416,0.6247713565826416,0.4588819146156311,0.7416800260543823,0.3576374650001526,0.7451817989349365,0.4586271643638611,1.0466945171356201,0.3498350977897644,1.0394032001495361,0.4725523591041565,1.3336021900177002,0.366742879152298,1.3378602266311646,0.4714937210083008,1.3727203607559204,0.3673535883426666,1.374305248260498,0.46729955077171326,1.4145866632461548,0.38934525847435,1.424354076385498
0.39838096499443054,0.2587876617908478,0.40856027603149414,0.23917412757873535,0.4147031307220459,0.24081823229789734,0.4207829535007477,0.2427215874195099,0.3877820074558258,0.23539088666439056,0.37896114587783813,0.23440192639827728,0.36971786618232727,0.23329848051071167,0.42059144377708435,0.2586442828178406,0.3551234304904938,0.23971043527126312,0.4025287628173828,0.28799310326576233,0.38025540113449097,0.2812603712081909,0.448110431432724,0.3701762855052948,0.2981269955635071,0.38575321435928345,0.5156216025352478,0.24198536574840546,0.27675822377204895,0.5604615807533264,0.5579866170883179,0.09772542864084244,0.42280325293540955,0.6252245306968689,0.5681954622268677,0.0551721565425396,0.45511379837989807,0.6536163687705994,0.5613768696784973,0.04529239982366562,0.4646832048892975,0.6349256038665771,0.5582107305526733,0.05993284657597542,0.4529809057712555,0.6253520846366882,0.4382072985172272,0.7389063239097595,0.34087875485420227,0.7464670538902283,0.4442198872566223,0.9842913150787354,0.33625322580337524,1.0358465909957886,0.45347386598587036,1.2876018285751343,0.3485226035118103,1.3048858642578125,0.45103344321250916,1.323930025100708,0.34912315011024475,1.3392385244369507,0.450072705745697,1.3701609373092651,0.3686608672142029,1.3877421617507935
0.42032676935195923,0.30362558364868164,0.43203169107437134,0.2836390733718872,0.4388839304447174,0.2851405143737793,0.4455917477607727,0.28699588775634766,0.4121025502681732,0.28209495544433594,0.4051457941532135,0.28219130635261536,0.3989621102809906,0.28254857659339905,0.4546879827976227,0.308784157037735,0.38796737790107727,0.3018689453601837,0.4331870973110199,0.33388087153434753,0.40763163566589355,0.33091604709625244,0.49669593572616577,0.4186241328716278,0.34092533588409424,0.45300090312957764,0.5329471826553345,0.22973747551441193,0.2944818139076233,0.6281717419624329,0.5512559413909912,0.04112911969423294,0.4054300785064697,0.6712281107902527,0.5560921430587769,-0.003389696590602398,0.4396820664405823,0.6966116428375244,0.551735520362854,-0.008926527574658394,0.44946742057800293,0.6810113191604614,0.5484744310379028,0.011082159355282784,0.43911272287368774,0.6712251305580139,0.4539790153503418,0.7834079265594482,0.3556055426597595,0.7819854021072388,0.46076899766921997,1.0986980199813843,0.3474998474121094,1.0877273082733154,0.47896629571914673,1.3952248096466064,0.3685310184955597,1.3960901498794556,0.4801003038883209,1.43283212184906,0.36956459283828735,1.4362183809280396,0.46755099296569824,1.484313726425171,0.392326295375824,1.4800931215286255
0.43802911043167114,0.16734306514263153,0.4499749541282654,0.14403191208839417,0.45528388023376465,0.14453238248825073,0.4631500244140625,0.1457211673259735,0.4268038272857666,0.14582636952400208,0.4168272614479065,0.14779086410999298,0.40954986214637756,0.14995059370994568,0.4723190367221832,0.1632852554321289,0.3976343870162964,0.16751907765865326,0.44978976249694824,0.2006639838218689,0.42110925912857056,0.20149503648281097,0.5288801789283752,0.32801005244255066,0.3411547839641571,0.32194390892982483,0.5469850897789001,0.5116686224937439,0.30553826689720154,0.510352373123169,0.4215552806854248,0.515678346157074,0.3047471344470978,0.7087143063545227,0.38579297065734863,0.5208055377006531,0.3037457764148712,0.7639580965042114,0.38106054067611694,0.5039831399917603,0.31454166769981384,0.7666153311729431,0.3916277587413788,0.5004099011421204,0.31926771998405457,0.7494449019432068,0.47734588384628296,0.6760323643684387,0.3732233941555023,0.6762613654136658,0.4677056670188904,0.962568461894989,0.3729090690612793,0.9755305647850037,0.48255690932273865,1.2168434858322144,0.35840022563934326,1.206408977508545,0.4787927567958832,1.247269868850708,0.35905662178993225,1.2319347858428955,0.48299723863601685,1.3085739612579346,0.3652104139328003,1.2900607585906982
0.43768978118896484,0.15395833551883698,0.4499506950378418,0.13083867728710175,0.4554418921470642,0.1313008815050125,0.4628349244594574,0.1323634386062622,0.4264788031578064,0.1323346346616745,0.41680774092674255,0.13417893648147583,0.4093012809753418,0.13636323809623718,0.47276172041893005,0.14965520799160004,0.39758503437042236,0.15377762913703918,0.4500427842140198,0.1869015097618103,0.42062315344810486,0.1879843920469284,0.5300294160842896,0.31384575366973877,0.3414129912853241,0.310392826795578,0.546513020992279,0.49788835644721985,0.30642786622047424,0.4979211390018463,0.42360925674438477,0.5010343790054321,0.303640753030777,0.693937361240387,0.3883761763572693,0.5043957233428955,0.3030904233455658,0.7491863965988159,0.3836812376976013,0.48572269082069397,0.3139178156852722,0.7518982291221619,0.3938942849636078,0.482883095741272,0.3183929920196533,0.7347864508628845,0.4773198664188385,0.6634606719017029,0.37345415353775024,0.665056049823761,0.46790701150894165,0.956004798412323,0.372262179851532,0.9734593629837036,0.47933831810951233,1.2173339128494263,0.3669928014278412,1.2064749002456665,0.4781126081943512,1.24679434299469,0.3667575716972351,1.2338608503341675,0.4766543507575989,1.3107768297195435,0.3769729733467102,1.2901833057403564
0.4584903120994568,0.16109487414360046,0.46555620431900024,0.13868474960327148,0.4714384078979492,0.13969294726848602,0.47685351967811584,0.14105305075645447,0.4473091661930084,0.13768021762371063,0.43902748823165894,0.13818904757499695,0.43025651574134827,0.13912159204483032,0.4783533215522766,0.15840314328670502,0.4114045202732086,0.15510573983192444,0.4656457304954529,0.19175130128860474,0.44340190291404724,0.1897546350955963,0.5170958042144775,0.3249669075012207,0.3491600453853607,0.30249306559562683,0.5505014657974243,0.500298261642456,0.3255748152732849,0.49712517857551575,0.4438660144805908,0.50291508436203,0.3353464603424072,0.6957786679267883,0.4110793471336365,0.5058785080909729,0.3333425223827362,0.7526893019676208,0.4105920195579529,0.48365771770477295,0.3460956811904907,0.7557059526443481,0.42020177841186523,0.48117733001708984,0.35188034176826477,0.7375123500823975,0.4836077094078064,0.6431876420974731,0.39131468534469604,0.6466115117073059,0.48553329706192017,0.9246221780776978,0.4020017981529236,0.9261505603790283,0.4844699800014496,1.164368987083435,0.405548095703125,1.1670957803726196,0.4757133424282074,1.1916252374649048,0.4038901925086975,1.1979690790176392,0.49722665548324585,1.2537122964859009,0.42006009817123413,1.252602219581604
0.4639062285423279,0.17860302329063416,0.4730489253997803,0.15783102810382843,0.4793708324432373,0.1593717485666275,0.4865991175174713,0.16109247505664825,0.4531463086605072,0.15554571151733398,0.4445320963859558,0.15571552515029907,0.43683576583862305,0.15622122585773468,0.4951082766056061,0.17955581843852997,0.4222052991390228,0.17264945805072784,0.4732649326324463,0.21129830181598663,0.4480515122413635,0.20764626562595367,0.533548891544342,0.34894195199012756,0.35051682591438293,0.31297534704208374,0.5627549290657043,0.5217172503471375,0.21427981555461884,0.3175440728664398,0.432870090007782,0.5310600996017456,0.04769573360681534,0.29417362809181213,0.3935103416442871,0.5371276140213013,0.015998907387256622,0.2832470238208771,0.39071133732795715,0.514819860458374,0.004304853733628988,0.27925240993499756,0.4003342092037201,0.5115267038345337,0.01832728460431099,0.2896888554096222,0.4845392107963562,0.7032642364501953,0.3813974857330322,0.7004698514938354,0.477132648229599,0.9749550223350525,0.3756476640701294,0.987188994884491,0.481729656457901,1.2198032140731812,0.37557366490364075,1.2346786260604858,0.47735247015953064,1.25132417678833,0.3745028078556061,1.261861801147461,0.48533743619918823,1.301637887954712,0.3811720013618469,1.3097163438796997
0.4611564576625824,0.18918626010417938,0.47018885612487793,0.16778631508350372,0.4769272208213806,0.16883233189582825,0.48345810174942017,0.17003785073757172,0.45092087984085083,0.1666262298822403,0.4431436061859131,0.16725710034370422,0.43530863523483276,0.16809126734733582,0.49200430512428284,0.18888218700885773,0.4212450385093689,0.18628761172294617,0.47071218490600586,0.21981340646743774,0.44683408737182617,0.2173198014497757,0.530117928981781,0.3562350571155548,0.3580952286720276,0.3190775215625763,0.5661981105804443,0.5190458297729492,0.21478597819805145,0.3113837242126465,0.4477373957633972,0.5195594429969788,0.056676436215639114,0.2595568001270294,0.408327579498291,0.5250503420829773,0.012460898607969284,0.253324419260025,0.40461406111717224,0.5025587677955627,0.0023643237072974443,0.24825674295425415,0.4154941439628601,0.5000466704368591,0.015339630655944347,0.2588579058647156,0.4906068742275238,0.7084527611732483,0.3898923993110657,0.7091504335403442,0.48227280378341675,0.9763294458389282,0.3811602294445038,0.9977843761444092,0.4877097010612488,1.2340751886367798,0.3801661431789398,1.2621954679489136,0.48559731245040894,1.2685697078704834,0.3772997558116913,1.2954479455947876,0.48707109689712524,1.3124964237213135,0.3885766267776489,1.336556315422058
0.5454391241073608,0.1896805614233017,0.5560676455497742,0.16937074065208435,0.5628315210342407,0.1709635853767395,0.5693321228027344,0.17250622808933258,0.5354542136192322,0.16705647110939026,0.5277459621429443,0.16732478141784668,0.5197709798812866,0.16775397956371307,0.5733710527420044,0.18971292674541473,0.5031444430351257,0.182013601064682,0.553354799747467,0.22020505368709564,0.5293083786964417,0.21795520186424255,0.6012346744537354,0.36041972041130066,0.4262709617614746,0.3161718249320984,0.6357499957084656,0.527515709400177,0.28637486696243286,0.29844385385513306,0.5254760384559631,0.5190104842185974,0.15135079622268677,0.2518293261528015,0.4876213073730469,0.5186951160430908,0.10906188189983368,0.24597308039665222,0.4854374825954437,0.4995795488357544,0.10558845847845078,0.24157042801380157,0.4949192404747009,0.4987678527832031,0.11446513235569,0.2488204836845398,0.5571244955062866,0.7170214056968689,0.46414852142333984,0.7230138182640076,0.557251513004303,0.9827300906181335,0.46027788519859314,0.9989802241325378,0.570378303527832,1.2431495189666748,0.4568818509578705,1.2714041471481323,0.5664929747581482,1.2760154008865356,0.45395737886428833,1.3027875423431396,0.5740350484848022,1.3233619928359985,0.4680537283420563,1.353635311126709
0.4515388607978821,0.3410647511482239,0.4614925980567932,0.31636282801628113,0.4680355489253998,0.3168254494667053,0.47504371404647827,0.3176751732826233,0.4393824636936188,0.31862136721611023,0.43218621611595154,0.32036057114601135,0.42457789182662964,0.3226199746131897,0.4836655259132385,0.33497679233551025,0.41428691148757935,0.3426648676395416,0.46573877334594727,0.3685590922832489,0.4377216696739197,0.3691774308681488,0.536067008972168,0.48656195402145386,0.3766654133796692,0.44333118200302124,0.576985239982605,0.6582239270210266,0.3300718069076538,0.25283581018447876,0.4388108253479004,0.6733232140541077,0.3294942378997803,0.06568998843431473,0.39764532446861267,0.6885700225830078,0.3297082781791687,0.034554678946733475,0.39036473631858826,0.6619468331336975,0.33582133054733276,0.024133924394845963,0.40046459436416626,0.6566897630691528,0.3366243839263916,0.03555057942867279,0.4992629587650299,0.8286810517311096,0.3926452398300171,0.8271416425704956,0.4917783737182617,1.151351809501648,0.37423205375671387,1.1523536443710327,0.4968050420284271,1.4678863286972046,0.38171878457069397,1.4823979139328003,0.4981260299682617,1.5098516941070557,0.3821970224380493,1.5249611139297485,0.4957563877105713,1.5456757545471191,0.39947983622550964,1.559869408607483
0.46195822954177856,0.3315882682800293,0.47253766655921936,0.3066001832485199,0.4802955687046051,0.30717965960502625,0.48753538727760315,0.30790427327156067,0.4490930140018463,0.3093538284301758,0.44138336181640625,0.31166186928749084,0.4340604245662689,0.3141269087791443,0.49952268600463867,0.32297372817993164,0.4260083734989166,0.3335972726345062,0.4790959358215332,0.3593709170818329,0.45147186517715454,0.3620148301124573,0.5553459525108337,0.46725526452064514,0.3896063566207886,0.4370819330215454,0.5750985741615295,0.6435922384262085,0.33567360043525696,0.259551078081131,0.4160080552101135,0.6592166423797607,0.32852470874786377,0.07531886547803879,0.38270458579063416,0.6793876886367798,0.32812362909317017,0.042510516941547394,0.3774414658546448,0.6536882519721985,0.33316025137901306,0.03214675188064575,0.387969970703125,0.647027313709259,0.3339061141014099,0.04398689046502113,0.49900880455970764,0.8324078917503357,0.3899521231651306,0.8197447061538696,0.4850575923919678,1.1483036279678345,0.3726775646209717,1.1213163137435913,0.48761671781539917,1.4613264799118042,0.37800854444503784,1.4635215997695923,0.4893469214439392,1.5022425651550293,0.37881916761398315,1.504252314567566,0.4796796441078186,1.5393885374069214,0.39017871022224426,1.5460950136184692
0.4599979817867279,0.3182145953178406,0.47256284952163696,0.2969892919063568,0.48044195771217346,0.29762667417526245,0.4884469509124756,0.298728346824646,0.45078206062316895,0.2987890839576721,0.44420355558395386,0.30042192339897156,0.43850594758987427,0.30213722586631775,0.5040683746337891,0.3127044141292572,0.43592458963394165,0.3164953291416168,0.4797813892364502,0.3438374102115631,0.45072975754737854,0.3458077311515808,0.5612366795539856,0.45543476939201355,0.39312100410461426,0.4304380714893341,0.5668256282806396,0.6360352039337158,0.34114766120910645,0.2656456232070923,0.40748700499534607,0.6635472178459167,0.3265935182571411,0.08864747732877731,0.37527626752853394,0.6857234835624695,0.3243327736854553,0.059923164546489716,0.3697829842567444,0.6591060161590576,0.32990726828575134,0.047948919236660004,0.38111311197280884,0.6516018509864807,0.3321627676486969,0.059552233666181564,0.4994523525238037,0.823894202709198,0.38753435015678406,0.810340166091919,0.47510185837745667,1.1358497142791748,0.3609566390514374,1.1207160949707031,0.4723580777645111,1.4390665292739868,0.36361944675445557,1.4377142190933228,0.475070059299469,1.4789806604385376,0.3654947280883789,1.4762033224105835,0.46088147163391113,1.5180569887161255,0.37244585156440735,1.5226532220840454
0.48033326864242554,0.08020693808794022,0.4839785695075989,0.05406785383820534,0.487518846988678,0.05576418340206146,0.4906640648841858,0.05721820518374443,0.46705159544944763,0.04883456975221634,0.4583345055580139,0.047419849783182144,0.4489295482635498,0.0460735559463501,0.4823880195617676,0.0664929673075676,0.42630743980407715,0.054494183510541916,0.4813610911369324,0.1122993677854538,0.46205419301986694,0.10794112831354141,0.43332186341285706,0.22808057069778442,0.40286749601364136,0.2164229303598404,0.44414597749710083,0.4530108571052551,0.40194398164749146,0.4539753198623657,0.47683292627334595,0.6203541159629822,0.458461195230484,0.6652560830116272,0.4854554533958435,0.6764596104621887,0.45350176095962524,0.7284495234489441,0.48229876160621643,0.6892374157905579,0.4840523600578308,0.7278786897659302,0.47485867142677307,0.6715490818023682,0.4869411587715149,0.7093885540962219,0.44910746812820435,0.6223006844520569,0.4597353935241699,0.626336932182312,0.4826682507991791,0.8600968718528748,0.6887491345405579,0.691913902759552,0.44352537393569946,1.0810761451721191,0.6770385503768921,1.0333627462387085,0.424605131149292,1.1142690181732178,0.6207093000411987,1.1487929821014404,0.4714582860469818,1.1527858972549438,0.7174125909805298,1.1725494861602783
0.4637269973754883,0.09437260031700134,0.4701416492462158,0.07061304152011871,0.4746389389038086,0.07251407206058502,0.4785800874233246,0.073943130671978,0.4509975016117096,0.06491785496473312,0.44223761558532715,0.06332743912935257,0.4331916272640228,0.06145678833127022,0.4720049500465393,0.08540845662355423,0.41232195496559143,0.06595737487077713,0.4657370150089264,0.12399282306432724,0.4460265636444092,0.1189701110124588,0.43211308121681213,0.23661595582962036,0.37801721692085266,0.21227863430976868,0.4445510804653168,0.45651742815971375,0.38402628898620605,0.43642568588256836,0.47794121503829956,0.6148013472557068,0.44083184003829956,0.6517060995101929,0.4888531565666199,0.6603189706802368,0.43678849935531616,0.7161762118339539,0.48798173666000366,0.6701629161834717,0.46394482254981995,0.7147389054298401,0.48201242089271545,0.6514174938201904,0.46659407019615173,0.6931706666946411,0.45759883522987366,0.6226662993431091,0.4594910144805908,0.6126304864883423,0.4741300642490387,0.8849356770515442,0.6912034749984741,0.6673358678817749,0.45335012674331665,1.1504120826721191,0.7289353609085083,0.9867269396781921,0.4327049255371094,1.1948726177215576,0.693672776222229,0.9983236789703369,0.5098140239715576,1.2249456644058228,0.8021443486213684,1.0661743879318237
0.46603816747665405,0.09551959484815598,0.4711953103542328,0.07092104852199554,0.4755712151527405,0.07252903282642365,0.47961631417274475,0.07405972480773926,0.4537777304649353,0.06574523448944092,0.4455690383911133,0.06444881111383438,0.43698129057884216,0.06340282410383224,0.47166547179222107,0.08553514629602432,0.416619211435318,0.07103738188743591,0.46714144945144653,0.12529298663139343,0.44879212975502014,0.12196581065654755,0.42647498846054077,0.23722311854362488,0.3836817741394043,0.21596139669418335,0.4376755356788635,0.45745283365249634,0.3910725712776184,0.4432133138179779,0.47025078535079956,0.6217821836471558,0.44522643089294434,0.6537522077560425,0.4764023423194885,0.6731777787208557,0.4411596655845642,0.717062771320343,0.47552981972694397,0.6815117001533508,0.4676745533943176,0.7163763642311096,0.4740726351737976,0.6650645136833191,0.4701615869998932,0.6952875256538391,0.4457019865512848,0.6254942417144775,0.4648819863796234,0.621271014213562,0.46629539132118225,0.8965380191802979,0.6914443373680115,0.6766060590744019,0.4384040832519531,1.1229102611541748,0.6937313675880432,0.9862636923789978,0.4248347878456116,1.1654354333877563,0.6566566228866577,1.0838571786880493,0.4756910800933838,1.1822994947433472,0.7542597651481628,1.0737217664718628
0.4198215901851654,0.08298659324645996,0.4266597628593445,0.05754365772008896,0.43249988555908203,0.05838485807180405,0.4377635419368744,0.05921162664890289,0.40693894028663635,0.054483380168676376,0.39841312170028687,0.053078122437000275,0.3893143832683563,0.051516395062208176,0.43295222520828247,0.072911337018013,0.3658543825149536,0.06057567521929741,0.4252545237541199,0.10905007272958755,0.404024213552475,0.10858748853206635,0.44247379899024963,0.23079222440719604,0.33186668157577515,0.21063856780529022,0.5922988653182983,0.23958323895931244,0.340455025434494,0.42206084728240967,0.7313592433929443,0.2287757396697998,0.38228335976600647,0.6538381576538086,0.7847295999526978,0.22947047650814056,0.3799093961715698,0.7142760157585144,0.7930042147636414,0.22310756146907806,0.39862877130508423,0.7172027826309204,0.7750274538993835,0.22626611590385437,0.4035376012325287,0.6963899731636047,0.4629978537559509,0.6296082139015198,0.4412861764431,0.6343046426773071,0.4610211253166199,0.8985021710395813,0.6315304040908813,0.7987851500511169,0.43468421697616577,1.156266689300537,0.6241558194160461,1.1521317958831787,0.41326069831848145,1.2026234865188599,0.5944861769676208,1.211008906364441,0.4919191002845764,1.2147972583770752,0.7018523812294006,1.221592664718628
0.4334471821784973,0.07688093185424805,0.4412992000579834,0.049784183502197266,0.4474668502807617,0.05023703724145889,0.4529508054256439,0.05067872256040573,0.41773271560668945,0.045965708792209625,0.40848812460899353,0.04412698745727539,0.398512601852417,0.04258745536208153,0.4509623646736145,0.06145743280649185,0.3781099319458008,0.04753521457314491,0.44059324264526367,0.10327288508415222,0.41592422127723694,0.10332471877336502,0.4572257399559021,0.22180905938148499,0.3403176963329315,0.20842841267585754,0.5973614454269409,0.2544623017311096,0.3534392714500427,0.43218377232551575,0.7332027554512024,0.2560521960258484,0.39334696531295776,0.653792679309845,0.7824968099594116,0.2529560923576355,0.3929468095302582,0.7155789136886597,0.789708137512207,0.24806886911392212,0.414334774017334,0.7170268893241882,0.7708405256271362,0.25173452496528625,0.4181196093559265,0.6957206130027771,0.47874969244003296,0.629485011100769,0.453547865152359,0.6330167651176453,0.46717923879623413,0.8952677249908447,0.6402432322502136,0.8017556667327881,0.4396628737449646,1.149598240852356,0.6333264708518982,1.1322989463806152,0.4171528220176697,1.1984881162643433,0.6060796976089478,1.2174931764602661,0.4948294758796692,1.2125729322433472,0.7111020088195801,1.2326313257217407
0.417858362197876,0.06523221731185913,0.42842555046081543,0.03945043310523033,0.436148464679718,0.040470123291015625,0.44364866614341736,0.041227396577596664,0.4069998860359192,0.0364048033952713,0.3985693156719208,0.035436905920505524,0.3897912800312042,0.03452204167842865,0.4517157971858978,0.05173689126968384,0.3716903328895569,0.04528851807117462,0.4276901185512543,0.09143995493650436,0.40447601675987244,0.09115280956029892,0.47082677483558655,0.19789370894432068,0.33984050154685974,0.18254561722278595,0.598957896232605,0.16930410265922546,0.3450283110141754,0.3881072700023651,0.7182549238204956,0.11133300513029099,0.38304463028907776,0.6045759916305542,0.7607628107070923,0.09379777312278748,0.38095858693122864,0.6641730070114136,0.7644584774971008,0.08552712947130203,0.402222216129303,0.6653340458869934,0.748961865901947,0.09291636198759079,0.40800347924232483,0.6440683007240295,0.476022869348526,0.5784753561019897,0.4417378902435303,0.5815576314926147,0.4884640574455261,0.8469861149787903,0.6756223440170288,0.6417683362960815,0.4573725163936615,1.1009047031402588,0.655695378780365,0.9690223932266235,0.43533220887184143,1.1510494947433472,0.6268008947372437,0.9929640889167786,0.5186591148376465,1.1741188764572144,0.7492259740829468,1.0650997161865234
0.4292714595794678,0.2670953571796417,0.43613284826278687,0.24799352884292603,0.4412561357021332,0.24919380247592926,0.4458979666233063,0.2506178021430969,0.41720056533813477,0.24664166569709778,0.4093579649925232,0.24677492678165436,0.4007357656955719,0.24674974381923676,0.4417622983455658,0.2676021158695221,0.38218969106674194,0.2563289999961853,0.43356838822364807,0.2924289107322693,0.4137594699859619,0.2898992598056793,0.45590075850486755,0.37047287821769714,0.33520907163619995,0.40995854139328003,0.49986428022384644,0.22420620918273926,0.3512001633644104,0.618694007396698,0.5249925255775452,0.0943235233426094,0.38115087151527405,0.8099638223648071,0.522347092628479,0.057870879769325256,0.37836629152297974,0.8693312406539917,0.5176134705543518,0.050522580742836,0.3976285755634308,0.8685556650161743,0.5169151425361633,0.06471380591392517,0.4032494127750397,0.8476409912109375,0.48062363266944885,0.7336812615394592,0.42201393842697144,0.7448455691337585,0.5850524306297302,0.8858762383460999,0.6489711999893188,0.7648702263832092,0.5721614956855774,1.1594672203063965,0.6530420184135437,1.0771952867507935,0.5447973608970642,1.1976820230484009,0.6073139905929565,1.1207486391067505,0.6341805458068848,1.2554872035980225,0.7478846907615662,1.1864008903503418
0.42957812547683716,0.27161267399787903,0.43509015440940857,0.25009265542030334,0.43961969017982483,0.250615656375885,0.4442165791988373,0.25136885046958923,0.4166272282600403,0.24992582201957703,0.4084199070930481,0.25027140974998474,0.39931780099868774,0.2506815493106842,0.4401806890964508,0.2648772895336151,0.38153618574142456,0.2605433762073517,0.4338827133178711,0.29688188433647156,0.41384196281433105,0.2952377498149872,0.454251766204834,0.3697124421596527,0.3355444073677063,0.40642407536506653,0.5039106607437134,0.22746159136295319,0.34518224000930786,0.6104097366333008,0.5362945795059204,0.10014627128839493,0.3736991286277771,0.8027270436286926,0.5401450395584106,0.05858810618519783,0.3720916211605072,0.8594673871994019,0.5358642339706421,0.05184311047196388,0.3857840895652771,0.8634099960327148,0.5328963994979858,0.06604237109422684,0.3920426070690155,0.8412595987319946,0.479954332113266,0.7446873188018799,0.4274335503578186,0.7567881941795349,0.5477017164230347,0.9492261409759521,0.6523371338844299,0.7975339293479919,0.5421708822250366,1.2068917751312256,0.669662356376648,1.1009135246276855,0.5218256711959839,1.244670033454895,0.627568244934082,1.1471720933914185,0.5939580202102661,1.2915886640548706,0.7597257494926453,1.1966603994369507
0.42284029722213745,0.2711900770664215,0.4271303713321686,0.2466765195131302,0.43157926201820374,0.24699664115905762,0.4359440207481384,0.24774983525276184,0.4088976979255676,0.24636109173297882,0.4004771113395691,0.24622827768325806,0.3920353949069977,0.24590882658958435,0.43178415298461914,0.25909224152565,0.3747224807739258,0.2534073293209076,0.42660173773765564,0.29603374004364014,0.40646809339523315,0.2928727865219116,0.44137758016586304,0.35741060972213745,0.328102707862854,0.40363743901252747,0.513039767742157,0.24722330272197723,0.32152897119522095,0.6055307984352112,0.5609970092773438,0.09583596885204315,0.3491215109825134,0.7971706390380859,0.5694220066070557,0.04796688258647919,0.34229686856269836,0.8566082119941711,0.5647847056388855,0.03659014403820038,0.36311763525009155,0.8622783422470093,0.5628584623336792,0.05462015047669411,0.37090858817100525,0.8380780816078186,0.47635120153427124,0.7241830825805664,0.4301060736179352,0.7336312532424927,0.5546249151229858,0.9452636241912842,0.6733720302581787,0.7750546932220459,0.5012943744659424,1.1623071432113647,0.6663869023323059,1.0897231101989746,0.4743056297302246,1.1915608644485474,0.6184024214744568,1.141855001449585,0.5481945872306824,1.2427418231964111,0.7632284164428711,1.172594428062439
0.4372500777244568,0.24394914507865906,0.4477967321872711,0.21928930282592773,0.4552631974220276,0.21762250363826752,0.46365684270858765,0.21566833555698395,0.4306337237358093,0.22300903499126434,0.42601290345191956,0.22393615543842316,0.4214023947715759,0.22509251534938812,0.4867398738861084,0.22202745079994202,0.4307622015476227,0.2361292541027069,0.4556097388267517,0.2693805396556854,0.4382033944129944,0.2730964124202728,0.5289879441261292,0.3562338054180145,0.471327006816864,0.3764890432357788,0.5548999905586243,0.5576746463775635,0.4604564607143402,0.5840021967887878,0.5369462966918945,0.7781915068626404,0.44133561849594116,0.7296069264411926,0.5496042370796204,0.8415621519088745,0.44452014565467834,0.7759934067726135,0.5365740656852722,0.8441197276115417,0.43119317293167114,0.7680084705352783,0.5269284844398499,0.8169727921485901,0.43504196405410767,0.7555321455001831,0.459589421749115,0.7385422587394714,0.4520658850669861,0.7468854188919067,0.22175543010234833,0.6824082136154175,0.3937680125236511,0.968854546546936,0.19711226224899292,0.999156653881073,0.4013059139251709,1.1945703029632568,0.22751164436340332,1.063775658607483,0.42414480447769165,1.2255884408950806,0.10912370681762695,1.0714423656463623,0.35987597703933716,1.2708662748336792
0.4505045413970947,0.21391262114048004,0.46240654587745667,0.1896468698978424,0.4697970747947693,0.1884697824716568,0.47752365469932556,0.1874184012413025,0.44456201791763306,0.19302986562252045,0.4396197199821472,0.19435042142868042,0.4352085590362549,0.19538603723049164,0.4994681775569916,0.1926780343055725,0.4451581537723541,0.20713113248348236,0.46914905309677124,0.23901502788066864,0.45003771781921387,0.24094656109809875,0.5444608926773071,0.33296629786491394,0.4783431589603424,0.36018699407577515,0.5347821116447449,0.5470569729804993,0.4536910653114319,0.5734161734580994,0.48098093271255493,0.7529556155204773,0.407203733921051,0.716178297996521,0.4762450158596039,0.8166710138320923,0.3918999135494232,0.7529054880142212,0.45462656021118164,0.8124328255653381,0.3868606388568878,0.7490394711494446,0.4526450037956238,0.7906425595283508,0.3943420350551605,0.7399956583976746,0.4616575837135315,0.7089673280715942,0.44448772072792053,0.7095327377319336,0.2161891907453537,0.677056074142456,0.32993343472480774,0.8966048359870911,0.22815640270709991,0.9916206002235413,0.4152231216430664,1.1480026245117188,0.2635039985179901,1.0422016382217407,0.4475470185279846,1.177219271659851,0.1526651680469513,1.0961912870407104,0.38192787766456604,1.2558921575546265
0.45234808325767517,0.21160058677196503,0.46427664160728455,0.1873450130224228,0.47165465354919434,0.18641839921474457,0.47946587204933167,0.1855350136756897,0.44629350304603577,0.18945907056331635,0.44137483835220337,0.19032983481884003,0.4371521472930908,0.1909012645483017,0.5009116530418396,0.1918463259935379,0.44602030515670776,0.20245756208896637,0.47019290924072266,0.2387862354516983,0.45176181197166443,0.24102874100208282,0.5433516502380371,0.32759028673171997,0.48285189270973206,0.350646048784256,0.5419085621833801,0.5457673668861389,0.45792675018310547,0.5659646391868591,0.5046464204788208,0.755658745765686,0.4291909337043762,0.7215482592582703,0.505142867565155,0.8173656463623047,0.43470388650894165,0.7751960158348083,0.48673731088638306,0.8177056908607483,0.4282833933830261,0.7667410969734192,0.4819165766239166,0.7952467203140259,0.43392428755760193,0.7508729696273804,0.4621041715145111,0.7047364711761475,0.44439300894737244,0.7053384184837341,0.22576788067817688,0.6891454458236694,0.320101797580719,0.844285786151886,0.17871099710464478,1.0058205127716064,0.3234744071960449,1.1248306035995483,0.16649767756462097,1.0469781160354614,0.3447408378124237,1.1823211908340454,0.060740143060684204,0.9956395030021667,0.24570214748382568,1.176149845123291
0.47122249007225037,0.2106110155582428,0.48356229066848755,0.18875448405742645,0.491020530462265,0.18782098591327667,0.4990641176700592,0.18706172704696655,0.4671905040740967,0.1913011521100998,0.46171674132347107,0.19219976663589478,0.45704659819602966,0.19305965304374695,0.5229095220565796,0.20201511681079865,0.4634743630886078,0.20761871337890625,0.4866805672645569,0.23738045990467072,0.46745094656944275,0.23854385316371918,0.5647723078727722,0.34453779458999634,0.4313066601753235,0.339937686920166,0.5683079957962036,0.5490208268165588,0.29749560356140137,0.32908281683921814,0.5472185015678406,0.7563278675079346,0.19558003544807434,0.2553943991661072,0.5525302886962891,0.8202511668205261,0.15861700475215912,0.23953621089458466,0.5339991450309753,0.8247367143630981,0.15792545676231384,0.2355637401342392,0.5289672613143921,0.7982469201087952,0.16764993965625763,0.24282485246658325,0.46739012002944946,0.6997854709625244,0.42755770683288574,0.6941187977790833,0.22600586712360382,0.7060553431510925,0.3559158444404602,0.9474647045135498,0.2606307864189148,0.9952821135520935,0.3929285705089569,1.1733412742614746,0.29524391889572144,1.047338843345642,0.4174007475376129,1.2024195194244385,0.20074257254600525,1.1051385402679443,0.3490222096443176,1.2474874258041382
0.489704430103302,0.17625807225704193,0.5033131241798401,0.1520727127790451,0.5115423202514648,0.15225036442279816,0.5206148624420166,0.1531694233417511,0.4838675558567047,0.15382753312587738,0.4780411124229431,0.15573427081108093,0.47293367981910706,0.15767768025398254,0.5399959087371826,0.16836461424827576,0.4732966423034668,0.17303410172462463,0.5056082010269165,0.20534071326255798,0.48158758878707886,0.2035764753818512,0.5765079855918884,0.3124598562717438,0.44394856691360474,0.3233460783958435,0.5776702761650085,0.5137959122657776,0.31082651019096375,0.3453310430049896,0.5544886589050293,0.7257080674171448,0.18883712589740753,0.33818382024765015,0.5584053993225098,0.7915499210357666,0.14116719365119934,0.3519619405269623,0.5407955646514893,0.7940349578857422,0.1412985622882843,0.3501202464103699,0.5348941087722778,0.768407940864563,0.15556977689266205,0.34855735301971436,0.4810214638710022,0.6698857545852661,0.4315682053565979,0.6631487011909485,0.23296061158180237,0.690979540348053,0.3821202516555786,0.9212944507598877,0.27997785806655884,0.9983745813369751,0.4006307125091553,1.2052165269851685,0.3146117627620697,1.0129001140594482,0.42428484559059143,1.2447104454040527,0.22574107348918915,1.110729455947876,0.3448449969291687,1.2864478826522827
0.4867774546146393,0.1811550110578537,0.5000492334365845,0.1582038849592209,0.5082008242607117,0.15863122045993805,0.5165477395057678,0.15935753285884857,0.48125195503234863,0.15853674709796906,0.4752315878868103,0.15962472558021545,0.46848049759864807,0.16146929562091827,0.5371612906455994,0.17532379925251007,0.46908998489379883,0.1759740263223648,0.5022115707397461,0.21000553667545319,0.4789845943450928,0.20763906836509705,0.580437958240509,0.32336491346359253,0.43034476041793823,0.32215818762779236,0.5787280797958374,0.5352084040641785,0.3038586378097534,0.35102522373199463,0.5535780191421509,0.7362352609634399,0.18905366957187653,0.3538266718387604,0.5567513704299927,0.8010682463645935,0.14090214669704437,0.36636611819267273,0.5399529337882996,0.8037492036819458,0.14195337891578674,0.3604523837566376,0.534593939781189,0.7782747745513916,0.15684574842453003,0.3598591685295105,0.4856742322444916,0.6788816452026367,0.4289558529853821,0.6656715869903564,0.24333111941814423,0.6423361897468567,0.3507470488548279,0.8805193305015564,0.18172112107276917,0.977310836315155,0.36274686455726624,1.1695750951766968,0.19612976908683777,1.0183185338974,0.38351020216941833,1.2193886041641235,0.07989241927862167,0.9603624939918518,0.29283809661865234,1.223320484161377
0.4780731797218323,0.26372218132019043,0.4929163455963135,0.24168436229228973,0.5001320838928223,0.2405237853527069,0.5080286860466003,0.23958298563957214,0.475585401058197,0.24267981946468353,0.4707009792327881,0.2430313676595688,0.46524614095687866,0.24381116032600403,0.5294063091278076,0.25384795665740967,0.4730210304260254,0.25561028718948364,0.49298492074012756,0.290780246257782,0.47369250655174255,0.29381638765335083,0.5628073215484619,0.4099821150302887,0.47359299659729004,0.368900865316391,0.5613626837730408,0.6337441802024841,0.42531028389930725,0.22818490862846375,0.5194528698921204,0.8343369960784912,0.3872028589248657,0.08121547102928162,0.5216684341430664,0.9041591882705688,0.37512367963790894,0.040123097598552704,0.5014678239822388,0.9041731953620911,0.3796876072883606,0.03966297581791878,0.49829015135765076,0.8799657225608826,0.3833128809928894,0.053839150816202164,0.4369359016418457,0.782477080821991,0.41125956177711487,0.7699512839317322,0.19153837859630585,0.8249778747558594,0.31730395555496216,0.9744568467140198,0.18391534686088562,1.079828143119812,0.30720019340515137,1.208561658859253,0.21315522491931915,1.1070818901062012,0.32095807790756226,1.245923399925232,0.12196312099695206,1.1783089637756348,0.2658885717391968,1.2706894874572754
0.46755450963974,0.2509031891822815,0.4846265912055969,0.22912289202213287,0.49241504073143005,0.22962035238742828,0.5007833242416382,0.23048895597457886,0.46551260352134705,0.2291765958070755,0.4608181118965149,0.22950933873653412,0.4558948576450348,0.2298949658870697,0.522186279296875,0.24595078825950623,0.46371984481811523,0.24220576882362366,0.4816087782382965,0.28166019916534424,0.46199527382850647,0.28248587250709534,0.5513015389442444,0.39214882254600525,0.46222811937332153,0.3575601279735565,0.562362790107727,0.6087916493415833,0.4211919903755188,0.2216482162475586,0.5382275581359863,0.8098944425582886,0.3811975121498108,0.060771699994802475,0.5449224710464478,0.8717405200004578,0.3728103041648865,0.011551073752343655,0.5269675850868225,0.8745324015617371,0.37651294469833374,0.004441038705408573,0.5218849778175354,0.8520668148994446,0.3774172067642212,0.02555641159415245,0.44177478551864624,0.7527782917022705,0.429810106754303,0.7413116097450256,0.19778405129909515,0.7012408971786499,0.3960559070110321,0.9689575433731079,0.19913536310195923,0.995517373085022,0.35103970766067505,1.1886566877365112,0.22551044821739197,1.0402079820632935,0.365073025226593,1.228394627571106,0.12555603682994843,1.079553484916687,0.31810393929481506,1.238263487815857
0.4611275792121887,0.2669141888618469,0.47535282373428345,0.24017362296581268,0.48422637581825256,0.24015752971172333,0.493338018655777,0.24030734598636627,0.4550510048866272,0.24216119945049286,0.44955968856811523,0.24330848455429077,0.44448694586753845,0.24471965432167053,0.5160926580429077,0.2503906190395355,0.44966554641723633,0.2542913258075714,0.4786470830440521,0.2941046953201294,0.45599326491355896,0.2974642217159271,0.5603939890861511,0.3964976966381073,0.4508955478668213,0.36423537135124207,0.5738660097122192,0.6085862517356873,0.4102475047111511,0.2170509397983551,0.5530505776405334,0.812384843826294,0.37390100955963135,0.033090051263570786,0.5629961490631104,0.8778926730155945,0.37144729495048523,-0.004694000817835331,0.5426464080810547,0.8806753754615784,0.37840884923934937,-0.012683467008173466,0.5359309911727905,0.856619656085968,0.38171204924583435,0.010804391466081142,0.46568241715431213,0.7558340430259705,0.429124653339386,0.7376587390899658,0.2213575839996338,0.6938505172729492,0.32323846220970154,0.9119138717651367,0.22903451323509216,1.0115503072738647,0.35021182894706726,1.1468846797943115,0.2675839364528656,1.083351969718933,0.3724798262119293,1.1831247806549072,0.15363332629203796,1.0955407619476318,0.3128873109817505,1.2143627405166626
